{
    "_comment": "DO NOT EDIT: FILE GENERATED AUTOMATICALLY BY PTERODACTYL PANEL - PTERODACTYL.IO",
    "meta": {
        "version": "PTDL_v2",
        "update_url": null
    },
    "exported_at": "2024-04-01T13:18:15+08:00",
    "name": "NODE JS AUTO",
    "author": "dyccoders@gmail.com",
    "description": null,
    "features": null,
    "docker_images": {
              "Nodejs 21": "ghcr.io\/parkervcp\/yolks:nodejs_21",
        "Nodejs 20": "ghcr.io\/parkervcp\/yolks:nodejs_20",
        "Nodejs 19": "ghcr.io\/parkervcp\/yolks:nodejs_19",
        "Nodejs 18": "ghcr.io\/parkervcp\/yolks:nodejs_18",
        "Nodejs 17": "ghcr.io\/parkervcp\/yolks:nodejs_17",
        "Nodejs 16": "ghcr.io\/parkervcp\/yolks:nodejs_16",
        "Nodejs 14": "ghcr.io\/parkervcp\/yolks:nodejs_14",
        "Nodejs 12": "ghcr.io\/parkervcp\/yolks:nodejs_12"
    },
    "file_denylist": [],
    "startup": "if [[ -d .git ]] && [[ {{AUTO_UPDATE}} == \"1\" ]]; then git pull; fi; if [[ ! -z ${NODE_PACKAGES} ]]; then /usr/local/bin/npm install ${NODE_PACKAGES}; fi; if [[ ! -z ${UNNODE_PACKAGES} ]]; then /usr/local/bin/npm uninstall ${UNNODE_PACKAGES}; fi; if [ -f /home/container/package.json ]; then /usr/local/bin/npm install; fi; if [[ ! -z ${CUSTOM_ENVIRONMENT_VARIABLES} ]]; then vars=$(echo ${CUSTOM_ENVIRONMENT_VARIABLES} | tr \";\" \"\\n\"); for line in $vars; do export $line; done; fi; /usr/local/bin/${CMD_RUN}; echo -e \"\\e[1;38;5;196m==========================================\\e[0m\"; echo -e \"\\e[1;38;5;226m  ______   __  _   _  ___  ____ _____   \\e[0m\"; echo -e \"\\e[1;38;5;226m |  _ \\ \\ / / | | | |/ _ \\/ ___|_   _|  \\e[0m\"; echo -e \"\\e[1;38;5;226m | | | \\ V /  | |_| | | | \\___ \\ | |    \\e[0m\"; echo -e \"\\e[1;38;5;226m | |_| || |   |  _  | |_| |___) || |    \\e[0m\"; echo -e \"\\e[1;38;5;226m |____/ |_|   |_| |_|\\___/|____/ |_|    \\e[0m\"; echo -e \"\\e[1;38;5;226m                                         \\e[0m\"; echo -e \"\\e[1;38;5;196m==========================================\\e[0m\"; echo \"RAM: $(cat /proc/meminfo | grep MemTotal | awk '{printf \"%.2f GB\\n\", $2/1024/1024}')\"; echo \"Disk: $(df -h / | awk 'NR==2 {print $3 \" / \" $2}')\"; echo \"CPU: $(cat /proc/cpuinfo | grep 'model name' | head -n1 | awk -F: '{print $2}' | xargs)\"; echo \"Load Average: $(cat /proc/loadavg | awk '{print $1}')\";",
    "config": {
        "files": "{}",
        "startup": "{\r\n    \"done\": \"running\"\r\n}",
        "logs": "{}",
        "stop": "^^C"
    },
    "scripts": {
        "installation": {
            "script": "#!\/bin\/bash\r\n# NodeJS App Installation Script\r\n#\r\n# Server Files: \/mnt\/server\r\napt update\r\napt install -y git curl jq file unzip make gcc g++ python python-dev libtool\r\n\r\nmkdir -p \/mnt\/server\r\ncd \/mnt\/server\r\n\r\nif [ \"${USER_UPLOAD}\" == \"true\" ] || [ \"${USER_UPLOAD}\" == \"1\" ]; then\r\n    echo -e \"assuming user knows what they are doing have a good day.\"\r\n    exit 0\r\nfi\r\n\r\n## add git ending if it's not on the address\r\nif [[ ${GIT_ADDRESS} != *.git ]]; then\r\n    GIT_ADDRESS=${GIT_ADDRESS}.git\r\nfi\r\n\r\nif [ -z \"${USERNAME}\" ] && [ -z \"${ACCESS_TOKEN}\" ]; then\r\n    echo -e \"using anon api call\"\r\nelse\r\n    GIT_ADDRESS=\"https:\/\/${USERNAME}:${ACCESS_TOKEN}@$(echo -e ${GIT_ADDRESS} | cut -d\/ -f3-)\"\r\nfi\r\n\r\n## pull git js repo\r\nif [ \"$(ls -A \/mnt\/server)\" ]; then\r\n    echo -e \"\/mnt\/server directory is not empty.\"\r\n    if [ -d .git ]; then\r\n        echo -e \".git directory exists\"\r\n        if [ -f .git\/config ]; then\r\n            echo -e \"loading info from git config\"\r\n            ORIGIN=$(git config --get remote.origin.url)\r\n        else\r\n            echo -e \"files found with no git config\"\r\n            echo -e \"closing out without touching things to not break anything\"\r\n            exit 10\r\n        fi\r\n    fi\r\n\r\n    if [ \"${ORIGIN}\" == \"${GIT_ADDRESS}\" ]; then\r\n        echo \"pulling latest from github\"\r\n        git pull\r\n    fi\r\nelse\r\n    echo -e \"\/mnt\/server is empty.\\ncloning files into repo\"\r\n    if [ -z ${BRANCH} ]; then\r\n        echo -e \"cloning default branch\"\r\n        git clone ${GIT_ADDRESS} .\r\n    else\r\n        echo -e \"cloning ${BRANCH}'\"\r\n        git clone --single-branch --branch ${BRANCH} ${GIT_ADDRESS} .\r\n    fi\r\n\r\nfi\r\n\r\necho \"Installing nodejs packages\"\r\nif [[ ! -z ${NODE_PACKAGES} ]]; then\r\n    \/usr\/local\/bin\/npm install ${NODE_PACKAGES}\r\nfi\r\n\r\nif [ -f \/mnt\/server\/package.json ]; then\r\n    \/usr\/local\/bin\/npm install --production\r\nfi\r\n\r\necho -e \"install complete\"\r\nexit 0",
            "container": "node:14-buster-slim",
            "entrypoint": "bash"
        }
    },
    "variables": [
        {
            "name": "Git Repo Address",
            "description": "GitHub Repo to clone\r\n\r\nI.E. https:\/\/github.com\/user_name\/repo_name",
            "env_variable": "GIT_ADDRESS",
            "default_value": "",
            "user_viewable": true,
            "user_editable": true,
            "rules": "nullable|string",
            "field_type": "text"
        },
        {
            "name": "Install Branch",
            "description": "The branch to install.",
            "env_variable": "BRANCH",
            "default_value": "",
            "user_viewable": true,
            "user_editable": true,
            "rules": "nullable|string",
            "field_type": "text"
        },
        {
            "name": "Git Username",
            "description": "Username to auth with git.",
            "env_variable": "USERNAME",
            "default_value": "",
            "user_viewable": true,
            "user_editable": true,
            "rules": "nullable|string",
            "field_type": "text"
        },
        {
            "name": "Git Access Token",
            "description": "Password to use with git.\r\n\r\nIt's best practice to use a Personal Access Token.\r\nhttps:\/\/github.com\/settings\/tokens\r\nhttps:\/\/gitlab.com\/-\/profile\/personal_access_tokens",
            "env_variable": "ACCESS_TOKEN",
            "default_value": "",
            "user_viewable": true,
            "user_editable": true,
            "rules": "nullable|string",
            "field_type": "text"
        },
        {
            "name": "Command Run",
            "description": "The command to start the bot",
            "env_variable": "CMD_RUN",
            "default_value": "npm start",
            "user_viewable": true,
            "user_editable": true,
            "rules": "required|string",
            "field_type": "text"
        }
    ]
}